"posts";"forum_id";"thread_id";"title";"url"
304;193157;1755670504;"In Turkey, U.S. soldiers guard against Syrian missile threat";"http://www.cnn.com/2013/09/13/world/europe/turkey-us-soldiers/index.html"
209;193157;1758409578;"Rape sentence is just the start of India's fight for equality";"http://www.cnn.com/2013/09/14/opinion/india-rape-karuna-nundy-op-ed/index.html"
1311;193157;1754132569;"Brain amoeba found in tests of water supply where boy died in Louisiana";"http://www.cnn.com/2013/09/12/us/louisiana-brain-amoeba-water-supply/index.html"
860;193157;1756485139;"Lindsay Lohan's mother, Dina, arrested and charged with DWI";"http://www.cnn.com/2013/09/13/showbiz/celebrity-news-gossip/dina-lohan-arrest-lindsay/index.html"
1187;193157;1782649282;"Florida 'Hiccup Girl' found guilty of murder ";"http://www.cnn.com/2013/09/20/justice/hiccup-girl-murder-verdict/index.html"
122;193157;1785709114;"Germany votes: What you need to know, and why you should care";"http://www.cnn.com/2013/09/22/world/europe/germany-votes-what-you-need-to-know/index.html"
360;193157;1755687569;"Twerkgate: Miley's 'grandmother' Vicki Lawrence weighs in ";"http://www.cnn.com/2013/09/13/showbiz/miley-cyrus-twerking-vicki-lawrence/index.html"
144;193157;1769359340;"Scores of hostages freed in Philippines; Muslim rebels capture police chief";"http://www.cnn.com/2013/09/17/world/asia/philippines-mindanao-unrest/index.html"
1461;193157;1756829504;"Miss Kansas vies for national crown, tattoos and all";"http://www.cnn.com/2013/09/13/us/miss-kansas-tattoo/index.html"
3102;193157;1761950441;"Times Square shooting: Police wound 2 bystanders by mistake ";"http://www.cnn.com/2013/09/15/justice/times-square-police-shooting/index.html"
392;193157;1756551504;"Dream deflated: American ends quest to cross Atlantic with helium balloons";"http://www.cnn.com/2013/09/13/world/americas/atlantic-balloon-crossing-aborted/index.html"
1349;193157;1781507193;"Sudden lottery fortune no panacea ";"http://www.cnn.com/2013/09/20/us/lottery-windfall-disasters/index.html"
13760;193157;1761674055;"Syrian opposition wants ban on government's use of air power";"http://www.cnn.com/2013/09/15/world/meast/syria-civil-war-diplomacy/index.html"
225;193157;1783084375;"Why suicide rate among veterans may be more than 22 a day";"http://www.cnn.com/2013/09/21/us/22-veteran-suicides-a-day/index.html"
176;193157;1749432961;"All eyes turn to Geneva talks on Syria";"http://www.cnn.com/2013/09/11/politics/syria-diplomacy-kerry/index.html"
1802;193157;1779581819;"Mark Kessler gets termination notice after anti-liberal rants, firing weapons on video ";"http://www.cnn.com/2013/09/20/us/pennsylvania-police-chief-fired/index.html"
189;193157;1758989145;"Where is self-control in the brain?";"http://www.cnn.com/2013/09/14/health/self-control-brain/index.html"
666;193157;1784155591;"Car bombings kill 9, wound dozens in eastern Baghdad";"http://www.cnn.com/2013/09/21/world/iraq-violence/index.html"
1619;193157;1770365920;"Thank you, Miss America";"http://www.cnn.com/2013/09/17/opinion/jones-miss-america-beauty/index.html"
996;193157;1775957948;"First Miss America of Indian descent embraces discussion on diversity";"http://www.cnn.com/2013/09/18/us/miss-america-nina-davuluri/index.html"
1784;193157;1765084627;"Syria: There's a chemical weapons agreement. Now what?";"http://www.cnn.com/2013/09/16/world/meast/syria-whats-next/index.html"
160;193157;1754941199;"Russia: Deadly fire sweeps through psychiatric institution";"http://www.cnn.com/2013/09/13/world/europe/russia-fire-psychiatric/index.html"
3172;193157;1756610517;"Putin's clever PR stunt worked ";"http://www.cnn.com/2013/09/13/opinion/sonenshine-russia-image/index.html"
457;193157;1783965313;"'Breaking Bad' is watching you";"http://www.cnn.com/2013/09/21/opinion/seymour-breaking-bad/index.html"
113;193157;1749058286;"Police may need months to recover Zimmerman video";"http://www.cnn.com/2013/09/11/justice/florida-zimmerman/index.html"
1050;193157;1784111616;"Gunman kills 3 American soldiers in Afghanistan";"http://www.cnn.com/2013/09/21/world/afghanistan-us-soldiers-killed/index.html"
7635;193157;1768360065;"Navy Yard shooting rampage kills 12; dead suspect is contractor";"http://www.cnn.com/2013/09/17/us/navy-yard-shooting-main/index.html"
214;193157;1760321818;"Ingrid now a hurricane in Gulf";"http://www.cnn.com/2013/09/14/world/americas/tropical-weather/index.html"
1207;193157;1770133403;"Company hopes new jet will save the Air Force a bundle";"http://www.cnn.com/2013/09/17/tech/innovation/new-scorpion-attack-jet/index.html"
857;193157;1781221130;"Supreme flaws: Three ways to fix the Supreme Court";"http://www.cnn.com/2013/09/20/opinion/segall-supreme-court-flaws/index.html"
117;193157;1753841222;"US aircraft near misses more than double";"http://www.cnn.com/2013/09/12/travel/aircraft-near-misses/index.html"
444;193157;1779022149;"Official: Man's death at Turner Field ruled a suicide";"http://www.cnn.com/2013/09/19/us/georgia-baseball-fan-falls/index.html"
250;193157;1755418092;"Louvre hit by Chinese counterfeit ticket scam ";"http://www.cnn.com/2013/09/13/travel/louvre-fake-chinese-tickets/index.html"
649;193157;1752881176;"Putin a hypocrite with blood on his hands";"http://www.cnn.com/2013/09/12/opinion/ghitis-putin-hypocrisy/index.html"
4273;193157;1774026742;"Fatalities reported in Ottawa crash";"http://www.cnn.com/2013/09/18/world/americas/canada-bus-train-colllision/index.html"
999;193157;1774378288;"New iPhones: The reviews are in";"http://www.cnn.com/2013/09/18/tech/mobile/iphone-5s-5c-reviews/index.html"
757;193157;1765686082;"A tale of two black hairstyles";"http://www.cnn.com/2013/09/16/opinion/davis-black-hairstyles/index.html"
523;193157;1764783075;"Philippine troops try to squeeze Muslim rebels holding hostages in Zamboanga";"http://www.cnn.com/2013/09/16/world/asia/philippines-mindanao-unrest/index.html"
544;193157;1773775568;"East, west, south: Severe weather slaps Mexico on 3 fronts";"http://www.cnn.com/2013/09/18/world/americas/mexico-severe-weather/index.html"
232;193157;1757571294;"Kanye West charged with battery in airport incident";"http://www.cnn.com/2013/09/13/showbiz/kanye-west-charged-in-photographer-clash/index.html"
1540;193157;1777837703;"New legless lizards found in California";"http://www.cnn.com/2013/09/19/us/california-legless-lizards/index.html"
2177;193157;1784543453;"Twitter: The angriest site on the Internet?";"http://www.cnn.com/2013/09/21/tech/social-media/twitter-anger/index.html"
481;193157;1782447440;"Six arrested after brawl breaks out in Long Island courthouse ";"http://www.cnn.com/2013/09/20/justice/new-york-courthouse-brawl/index.html"
2820;193157;1782027063;"Iran's president begins 'charm offensive,' but will Obama buy it?";"http://www.cnn.com/2013/09/20/world/us-iran-relations/index.html"
122;193157;1786504460;"The woman who wrote Liberty Valance";"http://www.cnn.com/2013/09/22/opinion/greene-dorothy-johnson-liberty-valance/index.html"
3631;193157;1774730273;"House GOP: defund Obamacare or shut government down";"http://www.cnn.com/2013/09/18/politics/obamacare-government-shutdown/index.html"
11246;193157;1772999159;"Russia slams U.N. chemical weapons report, suggests Syrian rebels to blame";"http://www.cnn.com/2013/09/18/world/meast/syria-civil-war/index.html"
116;193157;1766012726;"What we learned from Vermont's epic flood";"http://www.cnn.com/2013/09/16/opinion/markowitz-colorado-floods-vermont-irene/index.html"
4398;193157;1785865796;"Blast at Pakistan church kills at least 25";"http://www.cnn.com/2013/09/22/world/asia/pakistan-attack/index.html"
7638;193157;1779564793;"Chicago Police: multiple people shot";"http://www.cnn.com/2013/09/20/justice/chicago-shooting/index.html"
982;193157;1755240515;"The laser light that could cut cyclist deaths";"http://www.cnn.com/2013/09/13/tech/the-laser-light-that-could-cyclist/index.html"
171;193157;1774759682;"The year that changed the world";"http://www.cnn.com/2013/09/18/opinion/amar-constitution-birthday/index.html"
2740;193157;1773656632;"Oklahoma deputies pull bodies from lake; may date to 1969, 1970 disappearances";"http://www.cnn.com/2013/09/18/us/oklahoma-lake-car-bodies/index.html"
121;193157;1766430240;"Bob Newhart wins first Emmy for 'Big Bang Theory'";"http://www.cnn.com/2013/09/16/showbiz/tv/bob-newhart-first-emmy/index.html"
905;193157;1752460321;"Is America really exceptional?";"http://www.cnn.com/2013/09/12/us/american-exceptionalism-series/index.html"
430;193157;1787221250;"Angela Merkel makes gains, history in German elections";"http://www.cnn.com/2013/09/22/world/europe/germany-elections/index.html"
222;193157;1774415052;"11 things to know before visiting Spain";"http://www.cnn.com/2013/09/18/travel/spain-travel-bourdain/index.html"
172;193157;1758575210;"No truce: Army, Islamic militants fight on in Philippines";"http://www.cnn.com/2013/09/14/world/asia/philippines-muslim-rebels-standoff/index.html"
6929;193157;1781978363;"House GOP already planning for next Obamacare fight ";"http://www.cnn.com/2013/09/20/politics/debt-ceiling-republicans/index.html"
117;193157;1750124228;"Analysis: Is Obama a winner or loser on Syria?";"http://www.cnn.com/2013/09/11/politics/obama-winner-loser-syria/index.html"
176;193157;1777846739;"Mexico storms: Worst over for some, coming for others";"http://www.cnn.com/2013/09/19/world/americas/mexico-severe-weather/index.html"
1829;193157;1756079919;"Rape sentence reverberates across India";"http://www.cnn.com/2013/09/13/world/asia/india-rape-judgment/index.html"
104;193157;1764609500;"International adoption: Saving orphans or child trafficking?";"http://www.cnn.com/2013/09/16/world/international-adoption-saving-orphans-child-trafficking/index.html"
423;193157;1778114832;"5-month-old baby killed by airport baggage carousel in Spain";"http://www.cnn.com/2013/09/19/world/europe/spain-baby-death/index.html"
169;193157;1772947505;"Meet the world's best new skyscraper ";"http://www.cnn.com/2013/09/18/travel/2012-best-new-skyscraper/index.html"
166;193157;1709583646;"'Are the kids going to tease me today?': Sending my rainbow child back to school";"http://www.cnn.com/2013/09/04/living/parents-lori-duron-gender-creative-son/index.html"
22340;193157;1783471535;"Gunmen open fire at mall in Nairobi ";"http://www.cnn.com/2013/09/21/world/africa/kenya-mall-gunbattle/index.html"
2022;193157;1770819777;"Brazil's president cancels U.S. state visit over spying";"http://www.cnn.com/2013/09/17/world/americas/brazil-us/index.html"
175;193157;1765787736;"A weakened Ingrid makes landfall in Mexico";"http://www.cnn.com/2013/09/16/world/americas/tropical-weather/index.html"
214;193157;1785233139;"Mall attack should be no shock: Kenya, Westerners high on Al-Shabaab's list";"http://www.cnn.com/2013/09/21/opinion/al-shabaab-aims/index.html"
411;193157;1782521376;"Michael Jackson's mother has standing to collect damages, judge rules";"http://www.cnn.com/2013/09/20/showbiz/michael-jackson-death-trial/index.html"
716;193157;1781486217;"Shutdown threat imperils immigration reform ";"http://www.cnn.com/2013/09/20/politics/shutdown-threat-immigration-reform/index.html"
245;193157;1746355178;"Tell a brown girl she's pretty, dreadlocks and all";"http://www.cnn.com/2013/09/10/living/identity-opinion-yaba-blay-dreadlocks-brown-girl/index.html"
167;193157;1785226536;"Facing shortages, Venezuela takes over toilet paper factory";"http://www.cnn.com/2013/09/21/world/americas/venezuela-toilet-paper/index.html"
513;193157;1767109447;"Miley and Liam: The engagement's off";"http://www.cnn.com/2013/09/16/showbiz/celebrity-news-gossip/miley-cyrus-liam-hemsworth-end-engagement/index.html"
12907;193157;1755550571;"Gun lunacy rides high in America";"http://www.cnn.com/2013/09/13/opinion/donohue-gun-control/index.html"
4556;193157;1786604661;"Hillary Clinton on possible presidency: 'I'm realistic'";"http://www.cnn.com/2013/09/22/politics/hillary-clinton-magazine-interview/index.html"
1110;193157;1751364550;"Flooding in Colorado kills 1";"http://www.cnn.com/2013/09/12/us/flooding-colorado/index.html"
341;193157;1749670203;"Missouri man gets 20 years for keeping young woman as sex slave";"http://www.cnn.com/2013/09/11/justice/missouri-sex-slave-sentence/index.html"
1400;193157;1765773005;"Gingrich: Remember, Vladimir Putin is not an American";"http://www.cnn.com/2013/09/16/opinion/gingrich-putin-history/index.html"
9933;193157;1778826937;"John Kerry calls Iranian president's nuclear remarks 'very positive'";"http://www.cnn.com/2013/09/19/world/meast/iran-president-nuclear/index.html"
158;193157;1765948435;"Are there differences in raising boys and girls?";"http://www.cnn.com/2013/09/16/living/parents-levs-daughter/index.html"
3542;193157;1772119955;"Man who plotted to kill and eat children gets more than 26 years in prison";"http://www.cnn.com/2013/09/17/us/cannibal-eat-children-case/index.html"
258;193157;1756839254;"Apparently This Matters: Own this amazing doomsday bunker";"http://www.cnn.com/2013/09/13/tech/social-media/apparently-this-matters-amazing-doomsday-bunker-for-sale/index.html"
1018;193157;1771879291;"No 'Take It Easy' time for man allegedly knifed over nonstop Eagles music";"http://www.cnn.com/2013/09/17/us/eagles-fan-stabbed/index.html"
949;193157;1752761426;"Pennsylvania judge orders clerk to obey same-sex marriage ban";"http://www.cnn.com/2013/09/12/us/pennsylvania-same-sex-marriage/index.html"
111;193157;1750981152;"Amnesty: Release Zambian men arrested over alleged homosexual acts ";"http://www.cnn.com/2013/09/12/world/africa/zambia-gay-arrest/index.html"
320;193157;1771968876;"Obamacare, spending showdown heats up in House";"http://www.cnn.com/2013/09/17/politics/congress-shutdown/index.html"
126;193157;1752150246;"Why we're risking arrest over immigration";"http://www.cnn.com/2013/09/12/opinion/poo-oneill-immigration-reform/index.html"
2321;193157;1771100550;"2008 arrest led to Washington Navy Yard shooter Aaron Alexis' Navy discharge";"http://www.cnn.com/2013/09/17/us/navy-yard-suspect/index.html"
10856;193157;1773162985;"Navy Yard shooting: Questions remain as calls for gun legislation grow ";"http://www.cnn.com/2013/09/18/us/navy-yard-shooting-main/index.html"
254;193157;1749736186;"Colorado recall election prompts gun debate";"http://www.cnn.com/2013/09/11/politics/guns-debate/index.html"
329;193157;1777180721;"5 ways a healthy diet is making you tired";"http://www.cnn.com/2013/09/19/health/tired-dragging-diet-change/index.html"
336;193157;1708255351;"Sarah Palin's offensive remarks about Syria";"http://www.cnn.com/2013/09/04/opinion/obeidallah-palin-arabic/index.html"
346;193157;1784940769;"Police confirm identity of baby's remains found in New York river";"http://www.cnn.com/2013/09/21/us/new-york-missing-baby-remains/index.html"
507;193157;1767123368;"Obama pressures conservative Republicans over possible shutdown";"http://www.cnn.com/2013/09/16/politics/obama-shutdown/index.html"
4830;193157;1767675112;"Mass. man who plotted to eat children asks for prison, lifetime supervision";"http://www.cnn.com/2013/09/16/justice/cannibal-eat-children-case/index.html"
1217;193157;1760943953;"2 children found dead in Southern California hotel room";"http://www.cnn.com/2013/09/14/justice/california-children-killed/index.html"
114;193157;1750044112;"Internet, Wall Street unimpressed by new iPhones";"http://www.cnn.com/2013/09/11/tech/innovation/apple-iphone-innovation-debate/index.html"
258;193157;1781913784;"The new Franciscan revolution ";"http://www.cnn.com/2013/09/20/opinion/perry-pope-francis/index.html"
389;193157;1758640683;"Bus carrying 80 people flips in Ohio";"http://www.cnn.com/2013/09/14/us/ohio-bus-flips/index.html"
322;193157;1755202870;"Joe Biden courts presidential speculation with Iowa trip";"http://www.cnn.com/2013/09/13/politics/biden-iowa/index.html"
1482;193157;1769945206;"Countdown for Kendall Jenner turning 18: Gross or fair game?";"http://www.cnn.com/2013/09/17/living/parents-countdown-clock-kendall-jenner/index.html"
306;193157;1753285817;"Mark Zuckerberg: I want to meet someone new every day";"http://www.cnn.com/2013/09/12/tech/social-media/zuckerberg-annual-challenges/index.html"
143;193157;1765778209;"The story behind Hispanic Heritage Month";"http://www.cnn.com/2013/09/16/opinion/hispanic-heritage-month-history/index.html"
664;193157;1756232203;"Give Apple your fingerprint? It's your call";"http://www.cnn.com/2013/09/13/opinion/apple-iphone-fingerprint-privacy-opinion/index.html"
120;193157;1746295028;"Mom's sexy 'selfies' ban: Is there a different standard for girls?";"http://www.cnn.com/2013/09/10/living/parents-double-standard-boys-girls-online/index.html"
298;193157;1778641912;"Tackling the military's insider threat";"http://www.cnn.com/2013/09/19/opinion/bergen-military-enemy-within/index.html"
998;193157;1761918288;"Japan shuts down last nuclear reactor -- for now";"http://www.cnn.com/2013/09/15/world/asia/japan-nuclear-reactor-shutdown/index.html"
1670;193157;1755835921;"'A little creepy': Montana bride's custom wedding song talks of falling";"http://www.cnn.com/2013/09/13/justice/montana-husband-death-song/index.html"
7269;193157;1773967116;"Government shutdown: Again? Seriously?";"http://www.cnn.com/2013/09/18/politics/shutdown-groundhog-day/index.html"
103;193157;1780226727;"Super Typhoon Usagi nears Philippines, Taiwan";"http://www.cnn.com/2013/09/20/world/asia/typhoon-usagi/index.html"
140;193157;1769230510;"Africa's elderly leaders 'risk more revolutions'";"http://www.cnn.com/2013/09/17/opinion/africas-aging-leaders-risk-ibrahim/index.html"
165;193157;1771881163;"When the top cop is a woman";"http://www.cnn.com/2013/09/17/opinion/drexler-shooting-women/index.html"
645;193157;1753159823;"Point/Counterpoint: Examining key themes from Putin's opinion piece";"http://www.cnn.com/2013/09/12/politics/putin-syria-point-counterpoint/index.html"
27999;193157;1765857107;"Shots fired inside D.C. naval facility";"http://www.cnn.com/2013/09/16/us/dc-navy-yard-gunshots/index.html"
398;193157;1770153979;"Where is 'red line' on rape in war?";"http://www.cnn.com/2013/09/17/opinion/wolfe-red-line-on-rape/index.html"
110;193157;1739846044;"The legacy of Danny Lewin, the first man to die on 9/11";"http://www.cnn.com/2013/09/09/tech/innovation/danny-lewin-9-11-akamai/index.html"
296;193157;1766273932;"Miss America 2014: Butt glue, 'Breaking Bad' jokes, and more highlights";"http://www.cnn.com/2013/09/16/showbiz/tv/miss-america-moments-ew/index.html"
265;193157;1764665565;"International adoption: From refugee to soccer MVP";"http://www.cnn.com/2013/09/16/world/international-adoption-srey-powers-cambodia-refugee/index.html"
4547;193157;1769549675;"Should we vilify the rich?";"http://www.cnn.com/2013/09/17/opinion/sutter-rich-villains/index.html"
454;193157;1771727052;"Los Angeles district pays $27 million to pupils in lewd teacher case";"http://www.cnn.com/2013/09/17/us/california-lewd-school-settlement/index.html"
1926;193157;1756957344;"If 'E.T.' finds Voyager 1, will it phone Earth?";"http://www.cnn.com/2013/09/13/opinion/urry-voyager-spacecraft/index.html"
142;193157;1775860915;"Feds: NY man active in immigration reform arrested on child porn charge";"http://www.cnn.com/2013/09/18/us/child-porn-charges-immigration-activist/index.html"
438;193157;1782001383;"Human trafficking case against Saudi princess dropped";"http://www.cnn.com/2013/09/20/justice/california-saudi-princess-charged/index.html"
2890;193157;1752796128;"U.S. measles cases in 2013 may be most in 17 years";"http://www.cnn.com/2013/09/12/health/worst-measles-year/index.html"
229;193157;1776073986;"The dangers of being a cartoonist in the Arab world";"http://www.cnn.com/2013/09/18/world/meast/the-dangers-of-being-a-cartoonist/index.html"
315;193157;1776359488;"Brain-eating amoeba may be linked to Hurricane Katrina ";"http://www.cnn.com/2013/09/19/us/louisiana-brain-amoeba-water-supply/index.html"
835;193157;1772979244;"U.N. report highlights 'unspeakable atrocities' in North Korea";"http://www.cnn.com/2013/09/18/world/asia/north-korea-human-rights-kirby/index.html"
302;193157;1781072851;"EPA limits carbon pollution from new power plants";"http://www.cnn.com/2013/09/20/politics/epa-carbon-power-plants/index.html"
2190;193157;1780598807;"Don't be shocked by Pope Francis";"http://www.cnn.com/2013/09/20/opinion/donohue-pope-francis/index.html"
229;193157;1750498551;"As Brazil's uproar over NSA grows, U.S. vows to work through tensions";"http://www.cnn.com/2013/09/11/world/americas/brazil-nsa/index.html"
388;193157;1778070461;"Apple's new iOS follows the leader";"http://www.cnn.com/2013/09/19/opinion/rushkoff-apple-ios-baby-steps/index.html"
114;193157;1755806223;"Costa Concordia: Has master mariner in charge of salvage met his match?";"http://www.cnn.com/2013/09/13/world/costa-concordia-nick-sloane/index.html"
1441;193157;1753589907;"Fire engulfs buildings on famous New Jersey boardwalk";"http://www.cnn.com/2013/09/12/us/new-jersey-boardwalk-fire/index.html"
328;193157;1769809385;"Miss America, Julie Chen and the beauty of choice";"http://www.cnn.com/2013/09/17/living/identity-miss-america-opinion-beauty/index.html"
139;193157;1758612532;"Costa Concordia: How cruise ship tragedy transformed an island paradise";"http://www.cnn.com/2013/09/14/world/costa-concordia-giglio/index.html"
127;193157;1759448803;"Investigators seeking cause of boardwalk fire on Jersey shore";"http://www.cnn.com/2013/09/14/us/new-jersey-boardwalk-fire/index.html"
123;193157;1552563838;"NSA chief: Snooping is crucial to fighting terrorism";"http://www.cnn.com/2013/07/31/tech/web/nsa-alexander-black-hat/index.html"
475;193157;1754071049;"Remains of 2 airmen missing since WWII found";"http://www.cnn.com/2013/09/12/us/wwii-airmen-remains-found/index.html"
855;193157;1776923831;"Oklahoma lake bodies: Diver, trooper recount discovery ";"http://www.cnn.com/2013/09/19/us/oklahoma-lake-bodies/index.html"
729;193157;1785499146;"Several football players take part in protest for NCAA reforms";"http://www.cnn.com/2013/09/21/sport/college-football-protest/index.html"
714;193157;1764609593;"International adoption: I was stolen from my family";"http://www.cnn.com/2013/09/16/opinion/international-adoption-tarikuwa-lemma-stolen-children/index.html"
1045;193157;1758426035;"Fighting dogs now being trained to love";"http://www.cnn.com/2013/09/14/us/dog-fight-rehabilitation/index.html"
115;193157;1781825991;"NASA deep-sixes Deep Impact comet hunter";"http://www.cnn.com/2013/09/20/us/nasa-comet-hunter/index.html"
857;193157;1755579795;"The three scariest words: I don't know";"http://www.cnn.com/2013/09/13/opinion/cohen-i-dont-know/index.html"
393;193157;1774469371;"Human rights activist in Iran freed";"http://www.cnn.com/2013/09/18/world/meast/iran-activist-freed/index.html"
1313;193157;1752974469;"Voyager 1 probe becomes first man-made object to leave solar system";"http://www.cnn.com/2013/09/12/tech/innovation/voyager-solar-system/index.html"
2236;193157;1775609497;"Pentagon proposes training for Syrian rebels";"http://www.cnn.com/2013/09/18/politics/us-syria-training/index.html"
6704;193157;1761971480;"Yemen minister on child marriage: 'Enough is enough'";"http://www.cnn.com/2013/09/15/world/meast/yemen-child-bride/index.html"
195;193157;1751284463;"Syria civil war: 5 things to pay attention to today";"http://www.cnn.com/2013/09/12/world/meast/syria-civil-war-diplomacy/index.html"
201;193157;1755553554;"Middle East reconfigured: Turkey vs. Iran vs. Saudi Arabia";"http://www.cnn.com/2013/09/13/opinion/khanna-cagaptay-turkey-iran-saudi-arabia/index.html"
522;193157;1771309263;"Is the U.S. back to square one on Syria?";"http://www.cnn.com/2013/09/17/politics/u-s-syria-square-one/index.html"
597;193157;1762861431;"Taliban bomb kills top Pakistani general, officers";"http://www.cnn.com/2013/09/15/world/asia/pakistan-swat-taliban-attack/index.html"
266;193157;1756651461;"Dozens evacuated amid N.M. flooding";"http://www.cnn.com/2013/09/13/us/new-mexico-flooding/index.html"
297;193157;1751045291;"Syrian crisis: Keeping up with key developments";"http://www.cnn.com/2013/09/12/world/meast/syria-developments/index.html"
8134;193157;1765914233;"Five years later, a distracted president struggles with the economy";"http://www.cnn.com/2013/09/16/politics/obama-economy-five-years-later/index.html"
112;193157;1753470337;"Rebel leader: Syria moving its chemical weapons into Iraq, Lebanon";"http://www.cnn.com/2013/09/12/world/meast/syria-rebel-leader-accusation/index.html"
22617;193157;1758700553;"U.S., Russia see glimmer of hope as Syria talks enter 3rd day ";"http://www.cnn.com/2013/09/14/politics/us-syria/index.html"
103;193157;1752580655;"Developmentally delayed Massachusetts girl, 17, found in Rhode Island";"http://www.cnn.com/2013/09/12/us/massachusetts-teen-found/index.html"
2654;193157;1774842653;"Confused about Obamacare? Don't be ";"http://www.cnn.com/2013/09/18/opinion/carroll-obamacare-poll/index.html"
352;193157;1776013177;"Killing of anti-facist activist allegedly by right-winger sparks clashes in Greece";"http://www.cnn.com/2013/09/18/world/europe/greece-clashes/index.html"
685;193157;1783667731;"Pakistan releases Afghan Taliban's former second-in-command";"http://www.cnn.com/2013/09/21/world/asia/pakistan-mullah-baradar-release/index.html"
2055;193157;1760847610;"'Thank y'all': Texas cooking show brings Deen back in public eye";"http://www.cnn.com/2013/09/14/us/paula-deen-first-public-appearance/index.html"
181;193157;1767608553;"AEG Live backs down on calling Michael Jackson's mom";"http://www.cnn.com/2013/09/16/showbiz/michael-jackson-death-trial/index.html"
9981;193157;1765090371;"North Carolina, New York: 2 police shootings, 2 sets of questions";"http://www.cnn.com/2013/09/16/justice/police-shootings/index.html"
892;193157;1755006004;"Syria civil war: 5 things to pay attention to today";"http://www.cnn.com/2013/09/13/world/meast/syria-civil-war-diplomacy/index.html"
356;193157;1771681985;"Siri leaves beta, enters manhood";"http://www.cnn.com/2013/09/17/tech/mobile/siri-changes-ios-7/index.html"
207;193157;1755387429;"Fake mustaches, hidden cameras, 80,000 agents: How Stasi brutalized a nation";"http://www.cnn.com/2013/09/13/world/europe/stasi-images-book/index.html"
3706;193157;1768723264;"Navy Yard shooting: AR-15, the weapon of choice -- again";"http://www.cnn.com/2013/09/17/us/ar-15-gun-debate/index.html"
1272;193157;1779079047;"Venezuela: U.S. denied airspace permission to presidential plane";"http://www.cnn.com/2013/09/19/world/americas/venezuela-us-presidential-plane/index.html"
2574;193157;1755689270;"Anti-gay law shames Putin's Russia";"http://www.cnn.com/2013/09/13/opinion/lokshina-russia-gay-persecution/index.html"
692;193157;1754386068;"Blobfish declared world's ugliest animal";"http://www.cnn.com/2013/09/12/travel/blobfish-ugly-animal/index.html"
382;193157;1754432111;"Don't waste money on your wedding!";"http://www.cnn.com/2013/09/13/living/matrimony-biggest-money-waste/index.html"
2512;193157;1779395377;"Man's gut fermented food into alcohol, making him drunk, case study finds";"http://www.cnn.com/2013/09/19/health/gut-fermentation-syndrome/index.html"
146;193157;1745660457;"Attorney Mark O'Mara drops George Zimmerman";"http://www.cnn.com/2013/09/10/justice/zimmerman-lawyer/index.html"
841;193157;1765650469;"GOP strategy on shutdown courts doom";"http://www.cnn.com/2013/09/16/opinion/zelizer-gop-government-shutdown/index.html"
1180;193157;1774505387;"It's a long shot, but lottery players reach for $400 million Powerball jackpot";"http://www.cnn.com/2013/09/18/us/powerball-jackpot-odds/index.html"
311;193157;1764588213;"International adoptions in decline as number of orphans grows";"http://www.cnn.com/2013/09/16/world/international-adoption-main-story-decline/index.html"
1595;193157;1782494342;"Two teens attack one's mom, plan to eat her liver after pill binge, deputy says";"http://www.cnn.com/2013/09/20/us/teens-attack-mom-spokane/index.html"
140;193157;1751056548;"Coming soon: World's first 'invisible' tower";"http://www.cnn.com/2013/09/12/travel/seoul-invisible-skyscraper-tower-infinity/index.html"
242;193157;1755057553;"Philippine president warns Muslim rebels holding hostages in Zamboanga";"http://www.cnn.com/2013/09/13/world/asia/philippines-muslim-rebels-standoff/index.html"
432;193157;1768399427;"Naomi Campbell, Iman call for an end to runway racism";"http://www.cnn.com/2013/09/17/living/models-runway-race/index.html"
197;193157;1748343208;"Catalans to link up in human chain today in their call for secession from Spain";"http://www.cnn.com/2013/09/11/world/europe/spain-human-chain/index.html"
1121;193157;1774870562;"What iPhone, iPad owners need to know about iOS 7";"http://www.cnn.com/2013/09/18/tech/mobile/ios-7-upgrade-faq/index.html"
549;193157;1752704071;"7-year-old's story shows pain, worry of Syrian refugees";"http://www.cnn.com/2013/09/12/world/meast/lebanon-syria-refugees-reporters-notebook/index.html"
450;193157;1755127011;"Colorado floods: Sound the alert, more flash floods possible";"http://www.cnn.com/2013/09/13/us/flooding-colorado/index.html"
236;193157;1767174793;"Bettor used ink-like substance, contact lenses to cheat casino, police say";"http://www.cnn.com/2013/09/16/justice/connecticut-casino-cheating-ink-lenses/index.html"
510;193157;1781968066;"Porn producer vows to mandate condoms after HIV scare";"http://www.cnn.com/2013/09/20/health/porn-industry-condoms-hiv/index.html"
2789;193157;1780698837;"Weight of 5-month-old activated fatal conveyer belt, authorities say";"http://www.cnn.com/2013/09/20/world/europe/spain-baby-death/index.html"
533;193157;1774861115;"Shootings show need for mental health care";"http://www.cnn.com/2013/09/18/opinion/landsberg-shootings-mental-health/index.html"
153;193157;1749387856;"American jailed in Iran says confession was made under duress";"http://www.cnn.com/2013/09/11/world/meast/iran-american-prisoner/index.html"
876;193157;1756169834;"Person of interest ID'd in Tennessee shooting";"http://www.cnn.com/2013/09/13/justice/tennessee-fatal-shooting/index.html"
116;193157;1774031094;"'Scandal' actor on finding his inner mommy";"http://www.cnn.com/2013/09/18/living/parents-dan-bucatinsky/index.html"
1027;193157;1756686368;"American 'exceptionalism:' Who are they kidding?";"http://www.cnn.com/2013/09/13/opinion/putin-american-exceptionalism-coste/index.html"
138;193157;1766732710;"Suspected leader of Islamic militant cell arrested in Spain";"http://www.cnn.com/2013/09/16/world/europe/spain-terror-arrest/index.html"
358;193157;1766771709;"Navy Yard: storied past, home today to high-ranking personnel";"http://www.cnn.com/2013/09/16/us/navy-yard-description/index.html"
759;193157;1776296486;"$400 million Powerball lottery ticket sold in Lexington, South Carolina";"http://www.cnn.com/2013/09/19/studentnews/powerball-jackpot/index.html"
342;193157;1757540046;"Mother of missing Maine toddler Ayla Reynolds reveals secret evidence";"http://www.cnn.com/2013/09/13/justice/maine-missing-toddler-ayla-reynolds/index.html"
215;193157;1777120154;"Phonebloks: The smartphone for the rest of your life";"http://www.cnn.com/2013/09/19/tech/innovation/phonebloks-the-smartphone-for-life/index.html"
153;193157;1753004745;"Was there a strategy behind the Anthony Weiner trainwreck?";"http://www.cnn.com/2013/09/12/opinion/cupp-weiner-trainwreck/index.html"
316;193157;1767340845;"What is security like at the Washington Navy Yard?";"http://www.cnn.com/2013/09/16/us/navy-yard-security/index.html"
433;193157;1780898511;"Iran's Rouhani: Diplomat's touch, no pushover";"http://www.cnn.com/2013/09/20/world/meast/iran-rouhani-profile/index.html"
207;193157;1744927363;"Be afraid of Big Marijuana";"http://www.cnn.com/2013/09/10/opinion/frum-big-marijuana-cv/index.html"
241;193157;1778513223;"Eased drug sentences: Holder expands defendants' eligibility";"http://www.cnn.com/2013/09/19/justice/holder-drug-sentencing-guidelines/index.html"
470;193157;1773087151;"Wary Nebraska watches as Colorado overflow rolls east ";"http://www.cnn.com/2013/09/18/us/colorado-flooding/index.html"
127;193157;1737363950;"World's happiest nations are...";"http://www.cnn.com/2013/09/09/business/earth-institute-world-happiness-rankings/index.html"
6478;193157;1770388478;"Vetting military contractors: How did Navy Yard gunman get in?";"http://www.cnn.com/2013/09/17/us/navy-yard-shooting-military-contractors/index.html"
483;193157;1748474726;"Where have India's females gone?";"http://www.cnn.com/2013/09/11/opinion/india-missing-females/index.html"
3473;193157;1758018664;"Heavy rainfall heading once more for flooded Colorado";"http://www.cnn.com/2013/09/14/us/flooding-colorado/index.html"
1246;193157;1771262945;"Will Navy Yard rampage move the dial on gun control?";"http://www.cnn.com/2013/09/17/politics/navy-yard-gun-control/index.html"
173;193157;1753648895;"Mix tape, anyone? The cassette turns 50";"http://www.cnn.com/2013/09/12/tech/innovation/cassette-tape-50th-birthday/index.html"
1118;193157;1751943045;"Fighting cannabis ... or reality?";"http://www.cnn.com/2013/09/12/opinion/nathan-pot-legalization/index.html"
133;193157;1752974722;"Protests of Petraeus teaching gig will continue, professor says";"http://www.cnn.com/2013/09/12/us/new-york-petraeus-teaching-protest/index.html"
550;193157;1778530592;"Overwhelming burden, cost of Alzheimer's to triple, report says";"http://www.cnn.com/2013/09/19/health/world-alzheimers-report-caregivers/index.html"
826;193157;1766106543;"Asking for Santa's help: Sibling love rivals school bullying";"http://www.cnn.com/2013/09/16/us/bullying-santa-letter-ireport/index.html"
833;193157;1767314380;"Untreatable infections: CDC sets threat levels for drug-resistant bacteria";"http://www.cnn.com/2013/09/16/health/antibiotic-resistant-infections-cdc/index.html"
5612;193157;1769246428;"France: Analysis of U.N. report shows Syrian regime to blame for chemical attack";"http://www.cnn.com/2013/09/17/world/meast/syria-civil-war/index.html"
459;193157;1784321206;"White nationalists aim to take over tiny North Dakota town";"http://www.cnn.com/2013/09/21/us/white-supremacist-town/index.html"
111;193157;1750264065;"Tom Hanks on jury leads to reduced charge in case";"http://www.cnn.com/2013/09/11/showbiz/tom-hanks-jury-case-ends-abruptly/index.html"
311;193157;1773584743;"The back pain most surgeons won't find";"http://www.cnn.com/2013/09/18/health/back-pain-misdiagnosis-shamie/index.html"
305;193157;1753915944;"Teacher suspended after giving student a Twitter lesson";"http://www.cnn.com/2013/09/12/world/americas/mexico-teacher-twitter/index.html"
229;193157;1753297154;"J.K. Rowling returns to Potter's world";"http://www.cnn.com/2013/09/12/showbiz/movies/jk-rowling-new-movie-potter/index.html"
650;193157;1784923530;"West Hollywood bans sale of fur apparel";"http://www.cnn.com/2013/09/21/us/west-hollywood-fur-ban/index.html"
2219;193157;1785761147;"$270 million worth of cocaine found on Air France flight ";"http://www.cnn.com/2013/09/22/world/europe/air-france-cocaine-found/index.html"
182;193157;1761709710;"Costa Concordia underwater: What's inside of wrecked cruise ship?";"http://www.cnn.com/2013/09/15/world/costa-concordia-underwater/index.html"
1328;193157;1781921440;"2-year-old gets weight-loss surgery: How young is too young?";"http://www.cnn.com/2013/09/20/living/parents-2-year-old-weight-loss-surgery/index.html"
483;193157;1757958514;"Vanderbilt's Chris Boyd pleads guilty in cover-up of alleged gang rape";"http://www.cnn.com/2013/09/13/justice/vanderbilt-football-player-rape-case/index.html"
840;193157;1767989492;"5 things Obama planned before Washington Navy Yard shooting";"http://www.cnn.com/2013/09/16/us/obama-five-things-navy-yard/index.html"
233;193157;1755717340;"Syrian crisis: Keeping up with key developments";"http://www.cnn.com/2013/09/13/world/meast/syria-developments/index.html"
2647;193157;1753430992;"Q&A: The lowdown on the shutdown, or why you should care about the CR";"http://www.cnn.com/2013/09/12/politics/cr-politics-government-shutdown/index.html"
2298;193157;1783092083;"Veteran confronts rape, suicide: 'I am angry that others are going through this'";"http://www.cnn.com/2013/09/21/us/military-suicide-rape/index.html"
234;193157;1750327522;"Syria writer Elizabeth O'Bagy, cited by Kerry, McCain, fired for Ph.D. lie";"http://www.cnn.com/2013/09/11/us/syria-elizabeth-obagy-fired/index.html"
8913;193157;1782269863;"Police: Pa. priest caught with 15-year-old on college campus";"http://www.cnn.com/2013/09/20/justice/pennsylvania-priest-sex-charges/index.html"
186;193157;1784714017;"Helicopter crashes outside Phoenix with no apparent survivors";"http://www.cnn.com/2013/09/21/us/arizona-helicopter-crash/index.html"
170;193157;1767996275;"Audit reports Navy risked security to cut costs, says source";"http://www.cnn.com/2013/09/16/us/navy-security-audit/index.html"
115;193157;1752430039;"Egypt extends state of emergency";"http://www.cnn.com/2013/09/12/world/meast/egypt-state-of-emergency/index.html"
152;193157;1751037840;"China navy plots course to stock market";"http://www.cnn.com/2013/09/12/business/china-navy-investor-stock-market/index.html"
439;193157;1779337315;"Billy Ray Cyrus on his daughter: 'That's still my Miley'";"http://www.cnn.com/2013/09/19/showbiz/billy-ray-cyrus-interview/index.html"
211;193157;1754101189;"Connecticut slave gets funeral, burial, 215 years after his death";"http://www.cnn.com/2013/09/12/us/connecticut-slave-burial/index.html"
979;193157;1774822494;"Flags in Navy Yard shooter's past apparently not red enough";"http://www.cnn.com/2013/09/18/us/navy-yard-alexis-red-flags/index.html"
594;193157;1786471276;"Where America became exceptional";"http://www.cnn.com/2013/09/22/opinion/winchester-american-exceptionalism-frontier/index.html"
3895;193157;1755065778;"U.S. consulate in Herat, Afghanistan, attacked, 3 dead";"http://www.cnn.com/2013/09/13/world/asia/us-consulate-afghanistan-attack/index.html"
156;193157;1770548943;"Victims of the Washington Navy Yard shooting";"http://www.preview.cnn.com/interactive/2013/09/us/dc-navy-yard-victims/index.html"
344;193157;1784668300;"Al-Shabaab grew amid Somalia's lawlessness";"http://www.cnn.com/2013/09/21/world/africa/somalia-al-shabaab-explainer/index.html"
2337;193157;1759628876;"Priest in Zanzibar attacked with acid in third such incident in two months";"http://www.cnn.com/2013/09/14/world/tanzania-priest-acid-attack/index.html"
5369;193157;1778318960;"Tweets tip off former NFL player about teens partying in his home";"http://www.cnn.com/2013/09/19/us/new-york-teens-house-party/index.html"
170;193157;1751421626;"Philippines troops contain Muslim rebels as Zamboanga siege continues";"http://www.cnn.com/2013/09/12/world/asia/philippines-muslim-rebels-standoff/index.html"
256;193157;1751944495;"It's not Syria holding up immigration reform";"http://www.cnn.com/2013/09/12/opinion/navarrette-immigration-stalled/index.html"
288;193157;1780839344;"Don't link video games with mass shootings ";"http://www.cnn.com/2013/09/20/opinion/ferguson-video-games/index.html"
180;193157;1764607384;"Raised in America, activists lead fight to end S. Korean adoptions";"http://www.cnn.com/2013/09/16/world/international-adoption-korea-adoptee-advocates/index.html"
654;193157;1753480419;"How secure is your iPhone 5S fingerprint?";"http://www.cnn.com/2013/09/12/tech/mobile/iphone-fingerprint-privacy/index.html"
127;193157;1771178821;"Latest Boeing Dreamliner takes off ";"http://www.cnn.com/2013/09/17/travel/boeing-787-9-dreamliner-takes-off/index.html"
1228;193157;1778555324;"Reframing the gun control debate: Is mental health the next focus?";"http://www.cnn.com/2013/09/19/politics/guns-mental-health/index.html"
300;193157;1775509791;"President Rouhani says Iran won't develop nuclear weapons";"http://www.cnn.com/2013/09/18/world/meast/iran-president-nuclear/index.html"
190;193157;1784948021;"World leaders condemn terror attack at Kenya mall, pledge support ";"http://www.cnn.com/2013/09/21/world/africa/kenya-mall-world-reaction/index.html"
517;193157;1752548812;"Kerry-Lavrov talks launch new phase in Syrian chemical weapons crisis";"http://www.cnn.com/2013/09/12/politics/us-syria/index.html"
12656;193157;1770862298;"Gun control is not the answer";"http://www.cnn.com/2013/09/17/opinion/granderson-gun-control-fail/index.html"
118;193157;1779921132;"9 rules for surviving Oktoberfest";"http://www.cnn.com/2013/09/20/travel/oktoberfest-2013-9-rules/index.html"
293;193157;1778116182;"Nickelodeon stars tell bullied kids: You have new friends";"http://www.cnn.com/2013/09/19/us/santa-bullying-letter-nickelodeon/index.html"
597;193157;1771417492;"A horrible way to fill the second most powerful job in America";"http://www.cnn.com/2013/09/17/opinion/gergen-larry-summers-fed/index.html"
1062;193157;1779054870;"New iPhones could be in short supply this weekend";"http://www.cnn.com/2013/09/19/tech/mobile/iphone-supply/index.html"
174;193157;1750507986;"Kurdish men in drag promote feminism in the region";"http://www.cnn.com/2013/09/11/world/meast/kurd-drag-campaign/index.html"
9726;193157;1777302161;"Coalition a must if Russia to help destroy Syrian stockpile, official says";"http://www.cnn.com/2013/09/19/world/meast/syria-civil-war/index.html"
2989;193157;1751170834;"Putin's comments on American exceptionalism, Syria cause a fuss";"http://www.cnn.com/2013/09/12/politics/putin-syria-editorial-reaction/index.html"
648;193157;1770647740;"Reddit shuts down community seeking Navy Yard shooter";"http://www.cnn.com/2013/09/17/tech/social-media/reddit-navy-yard-shooter/index.html"
456;193157;1775894905;"Famed boxer Ken Norton, who defeated Muhammad Ali, dies at age 70";"http://www.cnn.com/2013/09/18/us/ken-norton-dies/index.html"
145;193157;1742619113;"Prince William: I dream of Africa";"http://www.cnn.com/2013/09/09/world/africa/prince-william-africa-max-foster/index.html"
411;193157;1779274027;"850 snakes part of New York man's home business, authorities say";"http://www.cnn.com/2013/09/19/us/new-york-snakes-home/index.html"
1640;193157;1781916662;"Is U.S.-Iranian deal doable?";"http://www.cnn.com/2013/09/20/opinion/miller-iran-syria/index.html"
1782;193157;1767689879;"What could have prevented Navy Yard carnage?";"http://www.cnn.com/2013/09/16/opinion/trevithick-predicting-shootings/index.html"
437;193157;1755646002;"After 40 years in captivity, escape from North Korea";"http://www.cnn.com/2013/09/13/world/asia/north-korea-escape/index.html"
2616;193157;1754045137;"4 found dead in car along rural Tennessee road";"http://www.cnn.com/2013/09/12/us/tennessee-fatal-shootings/index.html"
599;193157;1768850373;"Colorado flooding: Residents return, but some find no home";"http://www.cnn.com/2013/09/17/us/colorado-flooding/index.html"
120;193157;1738739569;"Trail Life USA launches a Boy Scout alternative";"http://www.cnn.com/2013/09/09/us/trail-life-usa-meeting/index.html"
135;193157;1769915616;"What food allergies are costing families -- and the economy";"http://www.cnn.com/2013/09/17/health/food-allergies-cost-time/index.html"
147;193157;1749635515;"Zimbabwean President Mugabe to continue takeover policy";"http://www.cnn.com/2013/09/11/world/africa/zimbabwe-mugabe/index.html"
101;193157;1744081594;"Despite massive search, no sign of missing 7-year-old Willow Long";"http://www.cnn.com/2013/09/10/us/illinois-girl-missing/index.html"
798;193157;1782654381;"Case of Creutzfeldt-Jakob disease confirmed in New Hampshire";"http://www.cnn.com/2013/09/20/health/creutzfeldt-jakob-brain-disease/index.html"
184;193157;1743842288;"Maher al-Assad: Syrian leader's brother is most ruthless in family, analysts say";"http://www.cnn.com/2013/09/10/world/meast/syria-assad-brother/index.html"
294;193157;1769207728;"Riots in Bangladesh after court sentences Jamaat-e-Islami leader to death";"http://www.cnn.com/2013/09/17/world/asia/bangladesh-islamist-death-sentence/index.html"
364;193157;1758595674;"Syrian crisis: Keeping up with key developments";"http://www.cnn.com/2013/09/14/world/meast/syria-developments/index.html"
131;193157;1757352651;"Bomb kills 30, wounds dozens at Sunni mosque in Iraq ";"http://www.cnn.com/2013/09/13/world/iraq-violence/index.html"
1374;193157;1778790838;"Cher slams Miley Cyrus, but feels 'ashamed' for her comments";"http://www.cnn.com/2013/09/19/showbiz/celebrity-news-gossip/cher-miley-cyrus-comments-ew/index.html"
1876;193157;1764619872;"Rising overseas adoptions -- for black American children";"http://www.cnn.com/2013/09/16/world/international-adoption-us-children-adopted-abroad/index.html"
697;193157;1777791531;"Food expired? Don't be so quick to toss it";"http://www.cnn.com/2013/09/19/health/sell-by-dates-waste-food/index.html"
134;193157;1679428406;"Tim Tebow released by New England Patriots, report says";"http://www.cnn.com/2013/08/31/us/nfl-tebow-patriots-cut/index.html"
813;193157;1773339781;"Pakistan's tech talents find app success";"http://www.cnn.com/2013/09/18/world/asia/pakistani-apps/index.html"
536;193157;1776105425;"U.S. court says 'liking' something on Facebook is free speech";"http://www.cnn.com/2013/09/18/tech/social-media/facebook-likes-free-speech/index.html"
316;193157;1765870140;"Colorado flooding strands National Guard";"http://www.cnn.com/2013/09/16/us/colorado-flooding-monday/index.html"
1014;193157;1774077065;"Navy officer, NCIS agent arrested in multimillion-dollar bribery case";"http://www.cnn.com/2013/09/18/justice/navy-bribery-case/index.html"
1603;193157;1755196606;"Flames consume New Jersey boardwalk that survived Superstorm Sandy";"http://www.cnn.com/2013/09/13/us/new-jersey-boardwalk-fire/index.html"
1069;193157;1766494621;"Three D.C. Navy Yard shooting victims in surgery";"http://www.cnn.com/2013/09/16/us/dc-navy-yard-victims/index.html"
176;193157;1752171847;"Feds to launch smartphone app in hunt for child sexual predators";"http://www.cnn.com/2013/09/12/tech/ice-phone-app-child-sex-predator/index.html"
633;193157;1771792442;"Two ex-players on California high school football team accused of sex crimes ";"http://www.cnn.com/2013/09/17/justice/california-high-school-football-sex-case/index.html"
366;193157;1778099340;"Longtime Nintendo president dies";"http://www.cnn.com/2013/09/19/tech/gaming-gadgets/yamauchi-nintendo-obit/index.html"
5575;193157;1782195329;"Man, girlfriend indicted in Tennesee quadruple slaying";"http://www.cnn.com/2013/09/20/justice/tennessee-quadruple-slayings/index.html"
945;193157;1776480827;"Abducted Georgia teen Ayvani Perez safe, but there's a new twist in the case";"http://www.cnn.com/2013/09/19/justice/georgia-girl-abduction/index.html"
1132;193157;1761189668;"Rapper Gucci Mane arrested - again";"http://www.cnn.com/2013/09/15/justice/rapper-gucci-mane-arrest/index.html"
6170;193157;1765377060;"CNN 2016 Poll: Clinton favored for Democrats; no clear GOP leader";"http://www.cnn.com/2013/09/16/politics/2016-poll-deep-dive/index.html"
439;193157;1756192323;"Nicole Kidman knocked down by photog";"http://www.cnn.com/2013/09/13/showbiz/celebrity-news-gossip/nicole-kidman-accident-paparazzi/index.html"
864;193157;1773328750;"Navy Yard shooting: Latest developments ";"http://www.cnn.com/2013/09/18/us/navy-yard-shooting-latest-developments/index.html"
1513;193157;1773828251;"Do violent video games play a role in shootings?";"http://www.cnn.com/2013/09/18/opinion/bushman-video-games/index.html"
1858;193157;1754278683;"U.S. consulate in Herat, Afghanistan, attacked";"http://www.cnn.com/2013/09/12/world/asia/us-consulate-afghanistan-attack/index.html"
553;193157;1780729461;"Russian authorities detain Greenpeace activists protesting Arctic drilling";"http://www.cnn.com/2013/09/20/world/europe/russia-greenpeace/index.html"
983;193157;1753686374;"Georgia teen gets life plus 105 years in infant's killing";"http://www.cnn.com/2013/09/12/justice/georgia-baby-shooting/index.html"
7248;193157;1764769651;"Miss America crowns 1st winner of Indian descent; racist tweets flow";"http://www.cnn.com/2013/09/16/showbiz/miss-america-racist-reactions/index.html"
161;193157;1784867611;"In Kenya mall, not seeing the attackers was part of the terror";"http://www.cnn.com/2013/09/21/world/africa/kenya-mall-hiding-in-fear/index.html"
236;193157;1762290040;"Lost ring returned after nearly 40 years";"http://www.cnn.com/2013/09/15/us/south-carolina-lost-ring-returned/index.html"
162;193157;1773743479;"Ona Carbonell: The 'mermaid' of Barcelona";"http://www.cnn.com/2013/09/18/sport/ona-carbonell-synchronized-swimming-barcelona/index.html"
275;193157;1777389393;"Syria problem is not going away";"http://www.cnn.com/2013/09/19/opinion/cordesman-syria-conflict/index.html"
1499;193157;1780549968;"Why one-and-done is A-OK for this mom";"http://www.cnn.com/2013/09/20/living/parents-irpt-jessica-crookston-one-child/index.html"
10129;193157;1776133384;"Navy Yard shooting: Navy orders 3 reviews";"http://www.cnn.com/2013/09/18/us/navy-yard-shooting-recap/index.html"
219;193157;1766755281;"Timeline of Navy Yard shooting developments";"http://www.cnn.com/2013/09/16/us/dc-navy-yard-tic-toc/index.html"
2290;193157;1758600461;"California school district hires firm to monitor students' social media";"http://www.cnn.com/2013/09/14/us/california-schools-monitor-social-media/index.html"
310;193157;1782794133;"North Korea blames South, cancels family reunions";"http://www.cnn.com/2013/09/21/world/asia/korea-family-reunions-cancel/index.html"
3714;193157;1774829790;"Restrict dangerous people from having guns ";"http://www.cnn.com/2013/09/18/opinion/webster-navy-yard-shooting/index.html"
9717;193157;1765300732;"Syria's chemical weapons: U.N. expected to release report Monday";"http://www.cnn.com/2013/09/16/politics/syria-civil-war/index.html"
113;193157;1772687178;"New York police make arrest in apparent anti-gay attack";"http://www.cnn.com/2013/09/18/justice/new-york-anti-gay-attack/index.html"
105;193157;1757678899;"Police group wants photos for Boston bombings manhunt calendar";"http://www.cnn.com/2013/09/13/us/massachusetts-manhunt-calendar/index.html"
109;193157;1777926081;"TV star: I hid Tourette's from Hollywood";"http://www.cnn.com/2013/09/19/health/dash-mihok-tourette-syndrome/index.html"
1120;193157;1753444527;"Teacher suspended for showing class Macklemore's 'Same Love' video";"http://www.cnn.com/2013/09/12/showbiz/same-love-teacher-suspended/index.html"
207;193157;1619701088;"Gay Florida teen Kaitlyn Hunt's fate in judge's hands after plea deal pulled";"http://www.cnn.com/2013/08/20/us/florida-gay-teen-kaitlyn-hunt-case/index.html"
554;193157;1787326726;"Obama to play familiar role at Navy Yard memorial";"http://www.cnn.com/2013/09/22/politics/obama-navy-yard/index.html"
2551;193157;1772044646;"911 call: A plea for help before police officer shoots unarmed man";"http://www.cnn.com/2013/09/17/justice/north-carolina-police-shooting/index.html"
1428;193157;1765282154;"South Korean military kills man trying to swim across river to North Korea";"http://www.cnn.com/2013/09/16/world/asia/south-korea-border-shooting/index.html"
166;193157;1787550091;"Navy Yard shooting: 'There's a guy slaughtering people with a shotgun'";"http://www.cnn.com/2013/09/22/politics/navy-yard-shooting-wrap/index.html"
134;193157;1746611600;"Hands-on impressions of the new iPhones";"http://www.cnn.com/2013/09/10/tech/mobile/iphones-hands-on-demo/index.html"
377;193157;1786874111;"Israeli solider killed, body stashed in well in alleged bargaining ploy";"http://www.cnn.com/2013/09/22/world/meast/israeli-solider-killed/index.html"
16209;193157;1771393349;"Did Obama strike the wrong tone on Monday?";"http://www.cnn.com/2013/09/17/politics/obama-shooting-tone/index.html"
656;193157;1771641410;"Audit: Big problems with Navy program that screens contractors";"http://www.cnn.com/2013/09/17/politics/us-navy-shootings-security/index.html"
929;193157;1781855100;"Habla espaol? Soon, Latinos will be less likely to say 'si'";"http://www.cnn.com/2013/09/20/us/spanish-declining-among-hispanics/index.html"
11583;193157;1761160211;"Colorado floods: More than 500 still unaccounted for as 'devastating' rain looms";"http://www.cnn.com/2013/09/15/us/colorado-flooding/index.html"
287;193157;1778706595;"A fresh start for absentee fathers";"http://www.cnn.com/2013/09/19/us/cnnheroes-jones-baltimore/index.html"
477;193157;1754226913;"United Airlines sells 'free' tickets on website";"http://www.cnn.com/2013/09/12/travel/united-free-tickets/index.html"
262;193157;1751094633;"CIA-funded weapons begin to reach Syrian rebels";"http://www.cnn.com/2013/09/12/politics/syria-arming-rebels/index.html"
335;193157;1759277508;"Obstacles, headaches in agreement over Syria";"http://www.cnn.com/2013/09/14/politics/geneva-talks-syria/index.html"
1861;193157;1769913380;"Give undocumented immigrants driver's licenses ";"http://www.cnn.com/2013/09/17/opinion/navarrette-drivers-license/index.html"
106;193157;1772250218;"Jackie Chan plans Jackie Chan theme park ";"http://www.cnn.com/2013/09/17/travel/jackie-chan-beijing-theme-park/index.html"
258;193157;1786382736;"Website offers bounty for iPhone 5S hack";"http://www.cnn.com/2013/09/22/tech/mobile/iphone-5s-hack-bounty/index.html"
1901;193157;1764182140;"Costa Concordia: Will wrecked cruise ship stay in one piece during rotation?";"http://www.cnn.com/2013/09/15/world/europe/italy-costa-concordia-salvage/index.html"
194;193157;1773703681;"How to save the life of a baby";"http://www.cnn.com/2013/09/18/opinion/chen-saving-babies/index.html"
7415;193157;1752698971;"Analysis: Putin scores diplomatic win on Syria ";"http://www.cnn.com/2013/09/12/politics/syria-putin-analysis/index.html"
131;193157;1782208303;"No Iran meeting yet, but Obama's U.N. visit will center on region";"http://www.cnn.com/2013/09/20/politics/un-general-assembly-syria-obama/index.html"
693;193157;1777317590;"Is Iran ready to deal on nukes?";"http://www.cnn.com/2013/09/19/opinion/lodge-wallin-iran/index.html"
369;193157;1761046985;"World's oldest man dies at 112";"http://www.cnn.com/2013/09/14/us/worlds-oldest-man-dies/index.html"
734;193157;1753611076;"Lance Armstrong tweets that he's returned Olympic bronze medal";"http://www.cnn.com/2013/09/12/sport/lance-armstrong-returns-olympic-medal/index.html"
907;193157;1766340400;"Witness: ""He aimed his gun at us"" and fired";"http://www.cnn.com/2013/09/16/us/dc-navy-shooting-scene/index.html"
330;193157;1768920528;"Marilyn Edge, mother charged with children's murder, to appear in court";"http://www.cnn.com/2013/09/17/us/california-chidren-killed/index.html"
18338;193157;1785541216;"39 killed and more carnage feared as Kenya mall attackers face off";"http://www.cnn.com/2013/09/22/world/africa/kenya-mall-attack/index.html"
1449;193157;1780652902;"Watchdog group: Syria to disclose its chemical weapons";"http://www.cnn.com/2013/09/20/world/meast/syria-civil-war/index.html"
457;193157;1769582089;"How much sex is considered exercise?";"http://www.cnn.com/2013/09/17/health/sex-calorie-burn-upwave/index.html"
990;193157;1759153098;"Siblings of the bombing: Remembering Birmingham church blast 50 years on";"http://www.cnn.com/2013/09/14/us/birmingham-church-bombing-anniversary-victims-siblings/index.html"
3052;193157;1778660251;"Gingrich: Obama's big debt limit deception";"http://www.cnn.com/2013/09/19/opinion/gingrich-obama-congress/index.html"
723;193157;1765260473;"Colorado floods: Stories of grief, generosity and gratitude";"http://www.cnn.com/2013/09/16/us/colorado-flooding/index.html"
408;193157;1781165802;"Report: Man loses his hands in chemical explosion in Boston apartment";"http://www.cnn.com/2013/09/20/us/massachusetts-apartment-blast/index.html"
114;193157;1751246233;"Satellite images suggest North Korea's Yongbyon nuclear reactor restarted";"http://www.cnn.com/2013/09/12/world/asia/north-korea-nuclear-reactor/index.html"
466;193157;1752072299;"One small shoe: A legacy of the Birmingham church bombing ";"http://www.cnn.com/2013/09/12/opinion/clark-patterson-birmingham-bombings/index.html"
392;193157;1769834637;"'Dads' offends before it even airs on TV";"http://www.cnn.com/2013/09/17/showbiz/tv/dads-tv-offensive/index.html"
2181;193157;1754483799;"Al Qaeda issues message about September 11th";"http://www.cnn.com/2013/09/13/world/al-qaeda-message/index.html"
1309;193157;1753736498;"State battles intensify on access to guns";"http://www.cnn.com/2013/09/12/politics/gun-control-state-by-state/index.html"
260;193157;1754185245;"Lawyer: Tamerlan Tsarnaev's in-laws answer questions from grand jury";"http://www.cnn.com/2013/09/12/justice/tsarnaev-in-laws-grand-jury/index.html"
319;193157;1777349888;"Education makes life worth living ";"http://www.cnn.com/2013/09/19/opinion/pearl-education-women/index.html"
143;193157;1786135505;"Report: 2 hurt when mortar shell hits Russian embassy in Damascus";"http://www.cnn.com/2013/09/22/world/meast/syria-civil-war/index.html"
1223;193157;1747522037;"10 things to know before visiting Israel, the West Bank and Gaza";"http://www.cnn.com/2013/09/11/travel/travel-to-israel-bourdain-10-things/index.html"
921;193157;1776577761;"French moving to ban child beauty pageants: Should we?";"http://www.cnn.com/2013/09/19/living/parents-ban-child-beauty-pageants/index.html"
5396;193157;1782337065;"Victim's family releases graphic video of his death ";"http://www.cnn.com/2013/09/20/justice/florida-police-run-over-man/index.html"
15402;193157;1754819359;"Day 2: U.S. and Russia negotiate over Syrian chemical weapons";"http://www.cnn.com/2013/09/13/politics/us-syria/index.html"
436;193157;1771645657;"Vanderbilt dismisses football star Chris Boyd in coverup of alleged gang rape";"http://www.cnn.com/2013/09/17/justice/vanderbilt-football-player-rape-case/index.html"
650;193157;1748235164;"Teen makes dramatic recovery after smoking synthetic marijuana";"http://www.cnn.com/2013/09/11/health/synthetic-marijuana-bauer-update-irpt/index.html"
257;193157;1762179768;"Van Gogh and the art of living forever";"http://www.cnn.com/2013/09/15/opinion/greene-van-gogh/index.html"
423;193157;1758443911;"Where have all the hurricanes gone? ";"http://www.cnn.com/2013/09/14/us/hurricane-season-prediction-mystery/index.html"
343;193157;1765620556;"How 'Fat Daddy' lost 115 pounds";"http://www.cnn.com/2013/09/16/health/weight-loss-almaer/index.html"
278;193157;1752730019;"America's tallest mountain a bit shorter";"http://www.cnn.com/2013/09/12/us/mount-mckinley-shrinks/index.html"
3537;193157;1768636297;"Navy Yard shooting: 7 victims identified";"http://www.cnn.com/2013/09/17/us/dc-navy-yard-victims/index.html"
294;193157;1754260087;"Sound pioneer Ray Dolby dies at 80";"http://www.cnn.com/2013/09/12/us/ray-dolby-obituary/index.html"
4207;193157;1775155321;"Cop: Detective gawked at Whitney Houston's naked corpse";"http://www.cnn.com/2013/09/18/showbiz/whitney-houston-police-misconduct/index.html"
2655;193157;1776953289;"Ex British PM Tony Blair's daughter held at gunpoint";"http://www.cnn.com/2013/09/19/world/europe/tony-blair-daughter-robbery/index.html"
7186;193157;1766982858;"Who is behind the Washington Navy Yard rampage?";"http://www.cnn.com/2013/09/16/us/navy-yard-suspects/index.html"
8171;193157;1761353202;"Charlotte police kill unarmed man who may have been running to them for help";"http://www.cnn.com/2013/09/15/justice/north-carolina-police-shooting/index.html"
728;193157;1770597860;"New trial ordered for ex-New Orleans officers in Danziger Bridge case";"http://www.cnn.com/2013/09/17/justice/louisiana-danziger-bridge-case/index.html"
258;193157;1780637755;"Angela Merkel: Europe's Mrs. Nein";"http://www.cnn.com/2013/09/20/world/europe/germany-merkel-profile/index.html"
1102;193157;1775416545;"Al Qaeda group captures town near Syria-Turkey border, eyes key crossing";"http://www.cnn.com/2013/09/18/world/meast/syria-turkey-al-qaeda/index.html"
334;193157;1770214041;"18 stranded in New Mexico town amid flooding";"http://www.cnn.com/2013/09/17/us/new-mexico-stranded/index.html"
633;193157;1753444420;"E-cigarettes: Healthy tool or gateway device?";"http://www.cnn.com/2013/09/12/health/e-cigarettes-debate/index.html"
177;193157;1775764853;"David Tutera's ex: Splitting up twins is 'complex'";"http://www.cnn.com/2013/09/18/showbiz/tutera-ex-husband-separating-twins/index.html"
473;193157;1767502103;"Gamers gear up for 'Grand Theft Auto V'";"http://www.cnn.com/2013/09/16/tech/gaming-gadgets/grand-theft-auto-v-release/index.html"
2506;193157;1766748397;"The real problems with Obamacare";"http://www.cnn.com/2013/09/16/opinion/frum-obamacare-flaws/index.html"
243;193157;1770288725;"Talking to kids about D.C. Navy Yard shootings a tough task for parents";"http://www.cnn.com/2013/09/17/living/parents-dc-moms-talking-to-kids-tragedy/index.html"
287;193157;1755883141;"What you need to know about synthetic drugs";"http://www.cnn.com/2013/09/13/health/synthetic-drugs-7-things/index.html"
38729;193157;1781027519;"House vote begins latest shutdown battle in Congress";"http://www.cnn.com/2013/09/20/politics/congress-spending-showdown/index.html"
320;193157;1785071317;"Chinese court due to announce verdict in trial of disgraced politician Bo Xilai";"http://www.cnn.com/2013/09/21/world/asia/china-bo-xilai-verdict/index.html"
944;193157;1755826443;"Is diplomacy the harder solution in Syria?";"http://www.cnn.com/2013/09/13/opinion/marks-diplomacy-boots-on-the-ground/index.html"
148;193157;1747113046;"Girl, 3, starved to death, weighed 11 pounds, police say; parents charged ";"http://www.cnn.com/2013/09/10/justice/pennsylvania-girl-starving-death/index.html"
3088;193157;1766743779;"A reversal for GOP and Democrats";"http://www.cnn.com/2013/09/16/opinion/avlon-cnn-poll/index.html"
5304;193157;1757382960;"Proud mom, model student among 4 found killed in Tennessee";"http://www.cnn.com/2013/09/13/us/tennessee-slaying-victims/index.html"
1973;193157;1783269913;"Syrian opposition rejects Rouhani's offer to broker peace deal ";"http://www.cnn.com/2013/09/21/world/meast/syria-unrest/index.html"
430;193157;1785290295;"Nike co-founder, wife pledge to match if $500 million raised for cancer research";"http://www.cnn.com/2013/09/21/health/knight-cancer-research/index.html"
227;193157;1751052779;"What's next for Prince William? We'll find out today";"http://www.cnn.com/2013/09/12/world/africa/prince-william-future-plans/index.html"
9225;193157;1769015309;"Navy Yard shooting: What we know and don't know";"http://www.cnn.com/2013/09/17/us/navy-yard-shooting-knowns-unknowns/index.html"
4955;193157;1778728612;"Congress: will it be a government shutdown or budget compromise?";"http://www.cnn.com/2013/09/19/politics/congress-shutdown-scenarios/index.html"
1186;193157;1780850073;"Israelis worry not about al-Assad, but about the 'Persian bazaar'";"http://www.cnn.com/2013/09/20/world/meast/israel-iran-syria/index.html"
405;193157;1756428694;"Judge rules IKEA monkey must remain at sanctuary";"http://www.cnn.com/2013/09/13/us/ikea-monkey-lawsuit/index.html"
186;193157;1780647245;"Emmys 2013: Who should win vs. who will win";"http://www.cnn.com/2013/09/20/showbiz/predicting-the-emmys-2013/index.html"
1336;193157;1781619711;"How much is too much exercise when you're pregnant?";"http://www.cnn.com/2013/09/20/health/pregnant-woman-weightlifter-crossfit/index.html"
